File,Hash
pgdk.exe,08431B7668A496B809DC2C9C3D32C533CBDC9B8630B23DFDB99C206227FCD7D4
0037f7733689a74f2678cba42a603866.cab,E7E3B31519C4E62CE606F278AAE700E264EF0FE86EE56B0ECF2FBEEE7772C4DE
0c1fee1f1fa4d6c8786fbc0c7b120f73.cab,D0E8957E42BD24A55409B54004C194AA07D3410038EA9F351658FE862805AB9D
0dcddf57dcb7f31111cb5f6f6ff7ccc4.cab,F4B78A048D897ED45CB71916B4CAAA988BC26D9A798335D4C9CF03CF4F12AE77
120b38b03e1fe7823dcdd24eb5a8bcaf.cab,3C5CEB76B6C97E92D35D4A7E11EF5B4942B8001872FD377064387828169889EC
225844a1bab841099454c5237635d794.cab,6B0DFC58E4A07883BC54AD227CFF6EC1018C190AD99A8A6871564F9E912BE7A8
29ed3e615b33e5f98eeb2dc2ff475882.cab,27C327132C5C4EBE9C13312A4555999DB55EFDC468596655F4F7049C967ED9B8
30679793b6e614f833a017b2e03aa8d6.cab,9D2A6D32E3EBD680324CA423348829199DB2665C2702C7AB620F677A38E84DC2
4d130c9bb17b42ddd2480080247f1974.cab,B4264FA141AE1AA449688BB03A64BC416257E0CE7D75A989455EC98C1E7D68DB
5868e5de5f8aa2952743e66ae7294f75.cab,5B3D5CA705F6EBE05DCFD0527B417858734FA634F9F07D395ACDDE43E57F7E80
670febca25fedf84a45c7147c362244d.cab,B026017A965ACC87E24E9C938C756F9B14A44400EB4E58A8826E1F6C6CB211F1
684510cc5169f6bdb703004bc00da21b.cab,241F36D8EFAB5C01BAC796E337C85785C6D3171CF88F2EEEE29EF7CE2D6A2DD3
76f86130718ca751edd6d8906ea62638.cab,501A202F480808BE9F633F9AD03D113CD558AAE0373BB6DCF4E7795F4BD53ABA
7a840960c3ecdf664d4283614112b685.cab,B33BB3462669B6CBFEECA12E7006A091B811E7C2D4209B0A46F1F0C0992BDE8A
7e85ae666854837dec3b2637a97c5ee0.cab,91DEA3CE07B754E8F690DA0FA8AFCAA25A99AF1DC8CBF6C88BC95E8785BBCB7C
896f53e30f7db35c7600bcbd0c7acd04.cab,5FF98D801C27B9FBF42AD1717004FA6CFB061AC034C8A593623BF56E9B45C981
8c499b56707a4a2a53feb53819c881e6.cab,5F94D4510775E51933C9BB40504B33113401A1E8DD6767C986F6607B6F1491A5
a0081bc6af0e22113755259a9279b8c1.cab,6D5AE367CA4AFBB1BB327E5868A1A426854C051D4DBD88782AD85F74A10A75B3
b5a3a0cfca4a553d0272f020cd99aa37.cab,9833ED57F4D74A4BE6E9E31D6E9A95D3D815A6FA894151CBC452F9C1C7BE9B44
be91a880ff793bf3b90a60284bf3bad5.cab,CCA7C3CF1B8853F842D053161B502D71D046FDC0B52463113B66501178032189
c4f69fa2f7d846a38736469a9568d733.cab,EEE7E043D4D507096BA42AB908CF15F4486BC5E4D3531F0A47ECFB9F1AA096F7
cb5d76c683a994a2bde8042e1d61e2b6.cab,2A6D288C1BF160D299243DAF2D56E61EEEF3C4F55977C634AE0EEC5E61361D74
ded860912bf935135bda92ea394b7237.cab,3B995AEA47E86D2EDF2772AB44C97DF77B1321E71F48F5B2E59338EF673E3458
e1804a824a4f1019f939809b7470ec43.cab,370EFE36D5D0F5B7FC308562134ABDC1B4103343191E73D8B53295A45EE45E4E
eb3a81b1afe8ad5d24a4e1c8b01808ce.cab,598042A07A28C9327C78C670F7A278754B54459060DE049E1539A3111A41454B
faccc661227fc6a4ddc96f6ea9e1b76f.cab,0FA1A43025EF0E69103CBBA10833500FB06BB0AAA9F8AC8F1A4217D8AA6EA359
